Flightnumber;Flightcount;Timestamp Start of Flight;Engine 1 Labeled Avg;Engine 1 Predicted Avg;Engine 1 Error (Avg of Labeled - Predicted);Engine 1 Error %;rmse 1;Engine 2 Labeled Avg;Engine 2 Predicted Avg;Engine 2 Error (Avg of Labeled - Predicted);Engine 2 Error %;rmse 2;Engine 3 Labeled Avg;Engine 3 Predicted Avg;Engine 3 Error (Avg of Labeled - Predicted);Engine 3 Error %;rmse 3;Engine 4 Labeled Avg;Engine 4 Predicted Avg;Engine 4 Error (Avg of Labeled - Predicted);Engine 4 Error %;rmse 4;Combined Labeled Avg;Combined Predicted Avg;Combined Error (Avg of Labeled - Predicted);Combined Error %;CruiseTime (hrs.);FlightTime (hrs.);GrossWeight;Airport Depature;Airport Arrival
1;-127;;1145.966363;1146.038959;-0.072676547;-0.004309869;5.010249964;1104.771948;1104.549547;0.222465694;0.0136846;3.992636901;1122.826599;1122.771165;0.055520694;0.003360345;3.951437664;1154.381363;1154.178593;0.202742625;0.011935413;4.164531406;4527.946273;4527.538263;0.408052467;0.0061243;;;172131.4198;;
2;-126;;1047.246631;1047.385856;-0.139236529;-0.008062352;4.924088173;1011.98195;1012.162307;-0.180338207;-0.010806188;3.763906322;1028.734278;1029.037958;-0.30367442;-0.017900392;3.637813502;1056.564947;1056.743272;-0.178296218;-0.010233012;3.949005158;4144.527806;4145.329394;-0.801545375;-0.011727639;;;149633.7222;;
3;-125;;913.2196663;912.7166692;0.502942765;0.027990397;3.929700057;880.4176385;879.9688003;0.448781288;0.02590668;2.953887708;897.512234;896.6351941;0.877093272;0.049667369;3.159099398;920.6096494;920.3912744;0.218333645;0.012053437;3.15730741;3611.759188;3609.711938;2.04715097;0.028806921;;;129966.9823;;
4;-124;;1028.489773;1028.856564;-0.366776616;-0.021370244;4.228640131;991.1377356;991.7670898;-0.62935138;-0.038051081;3.374363228;1010.73428;1011.367865;-0.633644855;-0.037567884;3.432945482;1034.990118;1035.503247;-0.513040786;-0.029704586;3.341103613;4065.351907;4067.494766;-2.142813637;-0.03158596;;;147130.5463;;
5;-123;;1009.135087;1009.98565;-0.850578467;-0.053111257;4.090818504;975.6411825;976.2296773;-0.588479478;-0.038006922;3.178145666;990.9673991;991.6516324;-0.684233178;-0.043507714;2.905217114;1017.915003;1018.331783;-0.416685371;-0.025793973;3.164348774;3993.658671;3996.198743;-2.539976494;-0.04007562;;;142464.7515;;
6;-122;;1275.312045;1275.127379;0.18467663;0.010615791;5.381476872;1230.709847;1230.05778;0.65205768;0.038840715;3.580667709;1249.96933;1249.613688;0.355516586;0.020850544;3.442703663;1283.827374;1283.51003;0.31729869;0.018118345;4.168617839;5039.818596;5038.308877;1.509549585;0.021957827;;;177011.9911;;
7;-121;;1088.271501;1088.552567;-0.281084529;-0.016380113;4.762155828;1051.502611;1051.848695;-0.34616584;-0.020878104;3.439455506;1069.863761;1070.243519;-0.379691877;-0.022507126;3.612939924;1099.289995;1099.347291;-0.057320956;-0.003306879;3.568266661;4308.927868;4309.992072;-1.064263201;-0.015663797;;;152440.5658;;
8;-120;;1220.611694;1220.434222;0.177532821;0.009934199;5.329722838;1176.084964;1176.07828;0.006743031;0.000391605;4.076618911;1198.740381;1198.369559;0.370824156;0.02112879;4.123259244;1230.161335;1229.815289;0.345934535;0.019207179;4.363660398;4825.598374;4824.69735;0.901034543;0.012753283;;;175926.2983;;
9;-119;;1044.541688;1044.450761;0.090949948;0.005319422;4.320253063;1007.445118;1007.406879;0.038237377;0.002318753;3.180591221;1026.774489;1026.46062;0.313898554;0.018676782;3.120516367;1052.297465;1052.409116;-0.111579344;-0.006477883;3.581179648;4131.05876;4130.727376;0.331506535;0.00490251;;;149243.3287;;
10;-118;;1024.682364;1024.424491;0.257807135;0.015029342;4.278612876;988.4397821;988.2813754;0.158379193;0.009571548;3.148264397;1006.381131;1006.35173;0.029408302;0.001745588;2.999953206;1034.708649;1034.210157;0.498436073;0.028775685;3.357273319;4054.211926;4053.267753;0.944030703;0.013909578;;;145798.8711;;
11;-117;;1013.589573;1013.434291;0.155302084;0.009100299;4.142583046;978.3907528;978.1019173;0.288800822;0.017531803;3.317473151;995.5629405;995.4940825;0.068883044;0.004109454;3.707580825;1024.166627;1023.873505;0.293070037;0.016995788;3.720335528;4011.709893;4010.903796;0.806055987;0.01193373;;;153542.0842;;
12;-116;;1041.14349;1040.998949;0.14458074;0.009301472;4.035007736;1005.598002;1005.597528;0.00044572;2.96886E-05;3.117211697;1021.640631;1021.584016;0.056671337;0.003715499;2.767069006;1051.001527;1050.942754;0.058812263;0.003748145;3.10386803;4119.38365;4119.123246;0.260510061;0.004235884;;;147829.552;;
13;-115;;1274.235977;1274.527128;-0.291096215;-0.016806668;5.000104085;1227.517907;1227.462807;0.055083918;0.003301353;3.703771499;1251.879517;1251.683644;0.195839577;0.011508875;3.526245592;1282.319851;1282.510606;-0.190742591;-0.010943248;3.955002453;5035.953252;5036.184185;-0.23091531;-0.003373386;;;180576.6392;;
14;-114;;881.422804;881.5378883;-0.115117602;-0.007600804;3.452172364;851.4354824;851.4973493;-0.061812306;-0.004224986;2.656105456;864.7404559;864.8158551;-0.075403533;-0.005074672;2.527889567;889.4661231;889.6896877;-0.223574154;-0.014628314;2.858569986;3487.064865;3487.54078;-0.475907594;-0.007942637;;;125486.7203;;
15;-113;;1052.390682;1052.080692;0.310042478;0.018287044;4.548149577;1014.60858;1014.584563;0.024035211;0.001470445;3.590413561;1031.435803;1031.662307;-0.226591959;-0.013636459;3.481022655;1060.781745;1060.820702;-0.038983349;-0.002281142;3.993239968;4159.21681;4159.148264;0.068502381;0.001022335;;;153214.1764;;
16;-112;;1254.168646;1253.958563;0.210035245;0.012378834;5.320109214;1208.813494;1208.889941;-0.076481396;-0.004676705;4.252319756;1232.760044;1232.751949;0.008031535;0.000481575;4.151512025;1264.385325;1264.311345;0.07400832;0.004326579;4.334770976;4960.127509;4959.911798;0.215593703;0.003212823;;;186741.3719;;
17;-111;;1175.883261;1175.819217;0.064013245;0.003427725;5.154661711;1133.750908;1133.732866;0.018011252;0.001000291;3.624017447;1157.914701;1157.892671;0.02205776;0.001199458;3.539143118;1184.968641;1184.960618;0.007985114;0.000424302;4.075384487;4652.517512;4652.405372;0.112067372;0.001516671;;;158662.0354;;
18;-110;;1297.150151;1296.933122;0.217055215;0.012031569;5.509481566;1249.365383;1249.278066;0.087422172;0.005031233;4.020626562;1272.089963;1272.021794;0.06814305;0.003851643;4.258659852;1306.913787;1307.073775;-0.159963909;-0.008800703;4.384238014;5125.519284;5125.306758;0.212656528;0.002983205;;;185826.3427;;
19;-109;;1079.763896;1079.391166;0.372763159;0.021696069;4.613996894;1041.685354;1041.576154;0.1092004;0.006588166;3.73323267;1061.006412;1061.041425;-0.035053041;-0.002076273;3.290085218;1087.479822;1087.291474;0.188294492;0.010881613;3.410070606;4269.935483;4269.300217;0.635205011;0.009349093;;;150926.9037;;
20;-108;;933.0239638;932.9449104;0.079081577;0.005318586;3.604046202;902.2999579;902.2975325;0.002441223;0.000169774;2.86082487;915.8670559;915.7212956;0.145728275;0.00998447;2.707721862;943.2092891;943.3323617;-0.123;-0.008182965;3.177100974;3694.400267;3694.2961;0.104251076;0.001770721;;;132206.7683;;
23;-107;;978.4537551;978.8725414;-0.418739441;-0.025127295;4.231321257;945.7928646;946.2307588;-0.437832643;-0.027180302;2.858468021;961.0816018;960.9798017;0.101895279;0.006224952;2.702361727;988.4816466;988.8184553;-0.336769481;-0.020003514;3.004329468;3873.809868;3874.901557;-1.091446286;-0.016542694;;;137467.3503;;
24;-106;;854.0019558;853.9735075;0.028506105;0.001748782;3.640919731;826.2324966;826.1652888;0.067228443;0.004262922;2.959236295;841.5171395;841.2762392;0.240914997;0.014998833;2.725560645;862.7059617;862.1959254;0.510075648;0.030976218;3.020537365;3384.457554;3383.610961;0.846725193;0.013107202;;;126389.3976;;
25;-105;;953.5958539;953.5055922;0.090264542;0.004772496;3.996254788;920.1381404;920.1314298;0.006751039;0.000369922;2.78546406;939.5326506;939.5858227;-0.053134959;-0.00285142;3.098102222;960.2164851;960.1619607;0.054526774;0.002863079;3.185997097;3773.48313;3773.384805;0.098407396;0.001314856;;;125693.4062;;
26;-104;;964.4780115;964.6371693;-0.159123083;-0.008850618;4.023843793;929.8630957;930.0157605;-0.152712626;-0.008810259;2.989461501;947.9031151;948.0637949;-0.160683541;-0.009093691;2.806903878;970.8439485;970.864414;-0.020456082;-0.001130331;2.933441982;3813.088171;3813.581139;-0.492975331;-0.006935553;;;139966.687;;
27;-103;;783.241382;783.227669;0.013667484;0.000893186;3.050287536;755.5473739;755.5380686;0.00931861;0.000631304;2.299444963;767.8587687;767.9141216;-0.055402778;-0.003693169;2.147815045;790.6384527;790.703212;-0.064763358;-0.004192764;2.415101043;3097.285977;3097.383071;-0.097180042;-0.001605997;;;115346.2899;;
28;-102;;1153.910156;1153.842851;0.067232778;0.00393172;4.554467744;1110.962226;1111.13843;-0.176264703;-0.010706304;3.497424872;1132.330457;1131.984666;0.345844789;0.020610168;3.488714478;1162.207;1161.951212;0.255804865;0.014852474;3.835406066;4559.40984;4558.917158;0.492617728;0.007290795;;;169646.3071;;
29;-101;;1213.216931;1213.236498;-0.019629749;-0.001195148;5.095864281;1171.57129;1171.736945;-0.165632277;-0.010442908;3.762435659;1190.653598;1190.647102;0.006481205;0.000402083;3.798101503;1223.373928;1223.299583;0.074298287;0.004486057;4.09362222;4798.815747;4798.920128;-0.104482535;-0.001608255;;;178035.7076;;
30;-100;;1027.16152;1027.080463;0.081049714;0.004575636;4.30186876;990.6148791;990.5669401;0.047984583;0.002808896;2.98989497;1006.177915;1006.246658;-0.068745616;-0.00396195;2.848858796;1034.028398;1034.158732;-0.130356827;-0.007310382;3.232036285;4057.982712;4058.052793;-0.070068145;-0.001001265;;;147004.4148;;
31;-99;;1107.373005;1106.993341;0.379705942;0.020877609;4.566813293;1067.699944;1067.505435;0.194482284;0.011090679;3.298747551;1087.358753;1087.052277;0.306403823;0.017157288;3.40473358;1114.984515;1114.844855;0.139662346;0.00762672;3.494168975;4377.416218;4376.395909;1.020254395;0.014191161;;;157491.8273;;
32;-98;;1046.319102;1046.191423;0.127597932;0.007319608;4.373021666;1007.594218;1007.7757;-0.181512759;-0.010812592;3.490578569;1027.555146;1027.741856;-0.186688661;-0.010904886;3.287052111;1052.895169;1053.434178;-0.53896584;-0.030724472;3.677411322;4134.363635;4135.143157;-0.779569328;-0.011317601;;;152159.8036;;
33;-97;;1125.377873;1125.477355;-0.099503144;-0.006009551;4.750573509;1085.265487;1085.406103;-0.140662599;-0.008809398;3.693513376;1104.213576;1104.662447;-0.448957343;-0.027634754;3.687470527;1131.788469;1132.145209;-0.356756745;-0.021424492;4.013372399;4446.645405;4447.691113;-1.045879831;-0.015986482;;;168801.6263;;
37;-96;;1106.095637;1106.057246;0.038298283;0.002253947;4.392391425;1066.579328;1066.624252;-0.044941046;-0.002742882;3.264547239;1087.216555;1087.02767;0.188782925;0.01130326;3.115952875;1113.037088;1113.16032;-0.123341452;-0.007213673;3.161533816;4372.928608;4372.869488;0.05879871;0.000875291;;;160725.3492;;
38;-95;;1277.241586;1277.30335;-0.061682518;-0.003836623;5.261378536;1228.41382;1228.298098;0.115634219;0.00747828;4.900202768;1250.943273;1250.61985;0.323409353;0.020538798;4.605432949;1285.673494;1285.617603;0.055956236;0.003457625;5.083550232;5042.272173;5041.838901;0.433317289;0.006827156;;;194765.8119;;
39;-94;;963.9192412;963.4371767;0.482016666;0.028654323;4.298439553;929.2355833;929.1699347;0.065631903;0.00404723;3.237885023;945.287994;945.4658517;-0.177911661;-0.010784724;3.401856069;971.1879543;971.3067399;-0.11874551;-0.007006202;3.534166407;3809.630773;3809.379703;0.250991398;0.003775241;;;139442.5542;;
41;-93;;1259.096563;1259.472707;-0.376200913;-0.021759121;5.489247044;1216.769286;1217.122546;-0.35323611;-0.021141578;3.808093889;1236.393067;1237.053681;-0.660634388;-0.038912144;4.155197809;1268.177524;1269.05677;-0.879236629;-0.050490104;4.197636659;4980.436438;4982.705703;-2.26930804;-0.033182309;;;174575.0308;;
42;-92;;1076.315107;1076.857995;-0.542909891;-0.03104993;4.769497822;1038.714793;1039.272676;-0.557926776;-0.033063833;3.606621587;1055.781305;1056.391586;-0.610193572;-0.035576725;3.597345821;1083.816618;1084.705969;-0.889384617;-0.050513344;3.717170714;4254.627823;4257.228225;-2.600414857;-0.037622996;;;149750.8663;;
43;-91;;1010.642206;1011.435962;-0.793753734;-0.046542734;4.427882603;977.3037433;977.7997616;-0.495990198;-0.030075099;3.533350696;994.5711642;995.2518064;-0.680651975;-0.040555783;3.405294865;1017.796234;1018.661055;-0.864804112;-0.050352431;3.752664343;4000.313348;4003.148586;-2.835200019;-0.042000381;;;144993.1599;;
44;-90;;1235.036341;1235.719934;-0.683597008;-0.040200646;5.549218989;1193.159183;1194.070521;-0.911434136;-0.055480392;4.754658722;1217.304502;1218.061993;-0.757450102;-0.04519261;4.77594525;1242.223187;1243.367923;-1.144727868;-0.06692914;5.116810059;4887.723212;4891.220371;-3.497209114;-0.051966997;;;180853.2664;;
45;-89;;1329.509631;1329.936788;-0.427116536;-0.024026429;5.814055866;1282.370607;1282.676298;-0.305685511;-0.017827713;4.274902361;1307.552903;1307.621229;-0.068415283;-0.003913165;4.210723297;1342.086158;1342.477086;-0.390798028;-0.021777414;4.370031317;5261.519299;5262.711401;-1.192015358;-0.016943574;;;191494.3375;;
46;-88;;1111.875011;1111.662991;0.212054964;0.01211412;5.152002854;1072.095844;1072.079304;0.016507134;0.000977997;3.854566095;1090.770637;1090.800787;-0.030116516;-0.001753762;3.812684848;1120.372888;1120.309074;0.063826135;0.003618556;4.089696886;4395.11438;4394.852156;0.262271716;0.003790362;;;157889.4031;;
47;-87;;1166.732305;1166.81197;-0.07959373;-0.004589128;5.40094549;1126.016769;1126.138888;-0.122127498;-0.007296107;4.432418809;1148.206606;1148.219551;-0.013051936;-0.000764676;4.364667856;1172.903669;1173.319736;-0.416092355;-0.023864369;4.575663002;4613.859348;4614.490145;-0.630865518;-0.009198034;;;166580.6758;;
48;-86;;1010.945533;1011.05146;-0.105924678;-0.006112242;4.342612734;973.6413504;973.8251307;-0.183722898;-0.011007671;3.717945255;994.3828343;994.3967853;-0.013987291;-0.000820562;3.879809145;1016.697229;1017.270874;-0.573711794;-0.03291799;3.988196049;3995.666947;3996.544251;-0.877346661;-0.012808938;;;148985.3115;;
49;-85;;1170.467914;1170.063941;0.403930184;0.023955498;5.075389639;1127.587325;1127.361268;0.226096127;0.013918786;3.877865185;1149.827069;1149.494676;0.332334588;0.020063257;3.75488669;1181.003719;1180.698999;0.304791397;0.017914713;4.106144152;4628.886027;4627.618884;1.267152295;0.0190025;;;157435.0633;;
50;-84;;833.1338449;833.1956641;-0.061877722;-0.004362271;3.41449949;805.0331843;805.0133702;0.019810012;0.00144532;2.667945238;818.1876922;818.2200228;-0.032322114;-0.002320277;3.294497314;844.0358816;843.9286863;0.107153211;0.00745654;2.939916604;3300.390603;3300.357743;0.032763387;0.000583064;;;117725.474;;
51;-83;;1174.068415;1173.980119;0.088363177;0.005422742;4.520878473;1132.081316;1131.878384;0.202954375;0.012917005;3.681816669;1153.705988;1153.479486;0.226514219;0.014146251;3.217110687;1185.16297;1184.876187;0.286795173;0.017435516;3.740507053;4645.018689;4644.214177;0.804626943;0.012480964;;;178838.1488;;
52;-82;;1115.671669;1115.651519;0.020215207;0.001259194;4.799344025;1076.506388;1076.455634;0.05080605;0.003279817;4.15332845;1097.264203;1097.215099;0.049159015;0.003113457;4.122126184;1127.820516;1127.577743;0.242714167;0.014955674;4.214963467;4417.262776;4416.899995;0.362894439;0.005709235;;;172542.8336;;
53;-81;;824.1954454;824.2879862;-0.092524757;-0.005719517;3.673197311;798.360946;798.417801;-0.056881287;-0.003629959;3.224962909;815.5842833;815.7464579;-0.16222171;-0.010133787;3.00267486;828.6436759;828.603436;0.040200164;0.002471677;3.062251145;3266.784351;3267.055681;-0.271427589;-0.004233165;;;123353.2819;;
54;-80;;1146.578236;1146.392763;0.185365351;0.010845409;4.51191313;1103.49684;1103.384848;0.112012002;0.006809489;4.1437856;1123.712592;1123.64682;0.065769682;0.003926373;4.081056186;1157.073072;1157.044775;0.028340348;0.001643106;3.88530974;4530.860741;4530.469206;0.391487384;0.005796397;;;169711.1308;;
55;-79;;1212.707558;1211.517248;1.190331471;0.070436887;5.019074793;1168.186325;1167.58853;0.597790309;0.036721894;4.202190066;1190.508491;1189.561473;0.946884575;0.057075913;4.596376287;1222.990217;1221.825529;1.164680784;0.068339571;4.54833111;4794.392591;4790.492781;3.899687138;0.058369301;;;181242.7213;;
56;-78;;1079.74744;1079.465428;0.282058094;0.016784631;4.233653446;1039.37164;1039.279116;0.092506098;0.005718668;3.408049385;1061.289798;1061.058646;0.231260573;0.014001128;3.413879499;1091.806298;1091.311031;0.495269995;0.029146864;3.605235922;4272.215176;4271.114221;1.10109476;0.016560254;;;158597.0352;;
57;-77;;1222.636647;1222.360397;0.276242931;0.015545809;4.960330897;1179.265302;1178.836911;0.428379879;0.024994077;4.102494427;1200.180837;1199.904725;0.276184877;0.015833348;3.951394844;1237.078773;1236.59996;0.478814679;0.026631134;4.402374224;4839.161559;4837.701993;1.459622367;0.020753433;;;177521.9974;;
59;-76;;1262.1798;1261.725295;0.454574424;0.028133972;5.163118229;1218.836338;1218.637763;0.198665749;0.012732828;3.714580939;1238.498098;1238.374875;0.12316971;0.007768834;3.62598296;1277.274197;1276.416537;0.857656644;0.052453757;4.076399122;4996.788433;4995.15447;1.634066527;0.025546185;;;178417.3366;;
60;-75;;1251.758091;1251.379658;0.378416012;0.022938807;4.954709052;1206.703575;1206.509332;0.194218444;0.012212697;4.046364673;1230.823048;1230.488845;0.334149245;0.02059997;3.708817907;1264.275806;1263.727506;0.548338566;0.032910061;3.954547316;4953.56052;4952.105341;1.455122267;0.022289675;;;176168.7997;;
61;-74;;1031.436329;1031.285919;0.150417783;0.009413441;4.041517204;997.0438551;997.0115883;0.032276613;0.00208961;2.996501363;1012.32719;1012.11575;0.211426913;0.013481276;2.925149741;1045.320402;1045.06466;0.255739136;0.015792082;3.280534628;4086.127775;4085.477916;0.649860445;0.010265965;;;146069.9133;;
62;-73;;953.1825638;953.1100291;0.07255506;0.004316589;3.754047398;917.7786536;917.8357732;-0.057136071;-0.00353038;3.062496901;935.3836304;935.5591547;-0.17552773;-0.010641554;2.702647953;962.6317773;962.619937;0.011931952;0.000702911;3.015085445;3768.976625;3769.124894;-0.148176789;-0.002229491;;;130343.7316;;
63;-72;;925.45121;926.3773972;-0.92622374;-0.059843321;3.647193826;895.4301499;896.1627489;-0.732593696;-0.048919811;2.863619294;908.8789828;909.7696906;-0.890709602;-0.058598079;2.821921936;938.1376894;938.3481221;-0.210452215;-0.013413442;2.717651211;3667.898032;3670.657959;-2.759979254;-0.044992681;;;132096.3998;;
64;-71;;1269.981123;1269.94094;0.040198864;0.002380255;5.118041232;1224.132684;1224.196403;-0.063724618;-0.003914585;3.772708873;1244.974207;1244.955744;0.018519989;0.001118632;3.530880936;1281.403564;1281.440413;-0.036834605;-0.002161608;3.859573041;5020.491579;5020.533501;-0.041840371;-0.000626695;;;166674.4248;;
65;-70;;1092.845506;1092.773382;0.072148091;0.00442861;4.487908333;1054.81332;1054.976694;-0.163418552;-0.010392671;3.538999777;1074.065761;1073.775996;0.289843284;0.018102301;3.574486581;1100.157573;1100.505909;-0.348263091;-0.021235083;3.84354798;4321.882159;4322.03198;-0.149690269;-0.00232339;;;155061.4528;;
66;-69;;1112.254375;1112.56238;-0.308018945;-0.017963731;4.471736856;1068.519028;1068.936925;-0.417937931;-0.025371887;3.638230633;1090.780698;1091.030159;-0.249545378;-0.014840049;3.438694094;1122.239699;1122.428771;-0.188993474;-0.010924069;3.329996879;4393.793801;4394.958234;-1.164495728;-0.017191805;;;166372.9854;;
67;-68;;1017.895301;1017.658459;0.236829844;0.014049237;4.197639307;982.2038748;982.106842;0.09708328;0.005968459;3.088299581;1001.333693;1001.006073;0.327604827;0.019755631;2.888697563;1026.273916;1026.07856;0.19533103;0.011492841;3.015658591;4027.706785;4026.849933;0.85684898;0.012845939;;;137081.6079;;
69;-67;;1255.096962;1255.224083;-0.127069751;-0.00764259;4.934717492;1212.326082;1212.582429;-0.256327408;-0.015960676;4.105037347;1236.112106;1236.474368;-0.362256896;-0.022122515;3.701346174;1268.422743;1268.168384;0.254331893;0.015136048;3.870519227;4971.957892;4972.449264;-0.491322162;-0.007459584;;;177670.6396;;
70;-66;;1092.386997;1092.640622;-0.25359486;-0.017190046;4.476911674;1054.959817;1055.126361;-0.166483614;-0.011685538;3.535955057;1070.943154;1071.184067;-0.24086278;-0.016653917;3.398898933;1106.134872;1106.340037;-0.205242713;-0.013739559;3.877987555;4324.42484;4325.291087;-0.866183968;-0.014831836;;;153000.7611;;
71;-65;;1263.901332;1263.394636;0.506733166;0.030750889;5.342919292;1218.957331;1218.744433;0.212897746;0.013395967;4.355279376;1241.706966;1241.456683;0.250264561;0.015458657;4.126473471;1275.867234;1275.310463;0.556730166;0.033468079;4.189878799;5000.432863;4998.906215;1.526625638;0.023416203;;;183695.484;;
72;-64;;1055.869976;1056.157266;-0.287408005;-0.017162994;4.315146584;1019.91141;1020.184053;-0.272635013;-0.016854808;3.112128945;1036.890606;1037.137353;-0.246725563;-0.015003267;3.679926638;1064.472936;1064.55487;-0.081971028;-0.00485546;4.239007968;4177.144927;4178.033542;-0.888739608;-0.013415276;;;150828.9972;;
73;-63;;1222.375841;1222.248284;0.12759437;0.007181821;5.262152767;1179.553046;1179.122988;0.430037603;0.025083998;3.885323172;1201.401991;1201.041788;0.360162586;0.020626144;4.471419102;1233.266729;1232.874461;0.392384199;0.021890834;4.513451256;4836.597608;4835.287522;1.310178758;0.018637961;;;169240.5525;;
74;-62;;867.2219018;867.1006557;0.12128056;0.00742825;3.407144565;836.6073542;836.4232997;0.184027407;0.011683861;2.716731432;853.678655;853.4363125;0.242329768;0.015077797;2.508260555;874.7602247;874.618142;0.142086016;0.008627557;2.571452989;3432.268136;3431.57841;0.689723752;0.010673811;;;130605.6519;;
75;-61;;1291.13477;1291.211766;-0.07689507;-0.004560179;5.086919408;1244.763162;1245.206131;-0.443038083;-0.027252684;3.797377592;1266.780194;1266.900717;-0.120584698;-0.00728863;4.462697455;1305.399293;1305.189597;0.209795409;0.012305735;4.301872914;5108.077418;5108.50821;-0.430722442;-0.006456468;;;189719.2842;;
76;-60;;1011.147291;1010.92308;0.224219411;0.013747577;4.01116715;974.248138;974.2516648;-0.003488898;-0.000222017;2.898967034;989.020754;989.0966243;-0.075893819;-0.004757386;3.086864875;1018.158251;1018.091656;0.066572488;0.004053656;3.224487376;3992.574435;3992.363025;0.211409182;0.003282753;;;149202.0925;;
77;-59;;1387.938717;1387.273992;0.66475759;0.038228392;5.906220458;1337.916276;1337.614295;0.301984947;0.018015626;4.603019505;1361.175995;1360.948557;0.227370594;0.013332544;4.45751534;1401.558831;1401.221819;0.337046757;0.01919428;5.040914282;5488.589819;5487.058663;1.531159888;0.022266542;;;204774.301;;
78;-58;;1069.422062;1069.529668;-0.107685831;-0.006179915;4.437827332;1031.077702;1031.222343;-0.144601477;-0.008607051;3.525976306;1052.329549;1052.367424;-0.037880024;-0.002209182;3.300936156;1079.565517;1079.636634;-0.071136921;-0.004044074;3.497680109;4232.394829;4232.756068;-0.361304253;-0.005239139;;;153445.8997;;
79;-57;;963.7171174;964.1109919;-0.393924251;-0.022915901;4.137133293;931.0679159;931.3034469;-0.23557427;-0.014184705;3.340249171;947.9362896;948.0799554;-0.14370663;-0.008499071;3.56484602;972.5642201;972.5400339;0.024182979;0.001394008;3.688989442;3815.285543;3816.034428;-0.749022172;-0.011006302;;;141431.644;;
80;-56;;943.4512748;943.5596936;-0.108436955;-0.006401197;4.171131518;911.4612304;911.3999771;0.061229883;0.003741352;3.081670905;927.4175573;927.5033922;-0.085875682;-0.005157013;2.832386484;952.3133146;952.3879603;-0.07466604;-0.004366632;2.898844192;3734.643377;3734.851023;-0.207748794;-0.003098081;;;131607.5455;;
81;-55;;1046.57794;1046.553996;0.023941483;0.001488988;4.824219099;1012.766922;1012.746398;0.020526175;0.001319199;3.817502794;1028.858718;1029.0811;-0.222404313;-0.014070168;3.782911573;1057.200685;1057.342173;-0.141429433;-0.008707514;4.37570963;4145.404265;4145.723667;-0.319366088;-0.00501457;;;144127.57;;
82;-54;;1305.543854;1305.616121;-0.072293773;-0.004399541;5.25307566;1260.274464;1260.301848;-0.027357676;-0.001724694;4.283433052;1278.134988;1278.261284;-0.12637372;-0.007855575;5.524775915;1312.664152;1313.046297;-0.38217923;-0.023131906;6.165673812;5156.617459;5157.22555;-0.608204398;-0.009370928;;;184317.1249;;
83;-53;;1035.736304;1035.539313;0.196957953;0.013851043;4.05867332;1000.355515;1000.133204;0.222259596;0.016183196;3.544299899;1017.302811;1017.045906;0.256965477;0.018398512;3.400777982;1049.236115;1049.029018;0.206981865;0.014368692;3.491839848;4102.630745;4101.747441;0.88316489;0.015679692;;;144104.3294;;
84;-52;;1063.566176;1063.950152;-0.384015188;-0.022863983;4.321626345;1027.610648;1028.043415;-0.432845549;-0.026673031;3.361940003;1044.94415;1044.980872;-0.03671302;-0.002224821;3.287478549;1072.655447;1073.173713;-0.518287459;-0.030596973;3.419236049;4208.77642;4210.148152;-1.371861216;-0.020640601;;;153591.6029;;
85;-51;;1219.717015;1219.807261;-0.090241207;-0.005393744;4.881253529;1174.352516;1174.628852;-0.276309714;-0.017153083;3.814546784;1197.345995;1197.47044;-0.124441356;-0.007576866;3.345439839;1231.839832;1231.921931;-0.082100382;-0.004858872;3.87216692;4823.255358;4823.828484;-0.57309266;-0.008662218;;;179047.3399;;
87;-50;;1051.903887;1052.210402;-0.306490894;-0.017538384;4.763101644;1016.837715;1016.952654;-0.114910812;-0.006802324;3.518853821;1037.390596;1037.25841;0.132281825;0.007675487;3.725838344;1063.381811;1063.527137;-0.145262008;-0.008222632;3.756287746;4169.514008;4169.948602;-0.434381888;-0.006270964;;;148400.9345;;
88;-49;;1109.128662;1109.445196;-0.316466893;-0.018425828;4.280112431;1070.72655;1070.845449;-0.118891851;-0.007170578;3.162043016;1088.900402;1088.957002;-0.056537116;-0.003352943;3.215690731;1117.964389;1118.502983;-0.538652516;-0.031114396;3.411650662;4386.720002;4387.75063;-1.030548377;-0.015170822;;;161693.5737;;
89;-48;;976.6880092;977.1007405;-0.412670147;-0.024004954;4.270856544;943.2777461;943.1183746;0.159394059;0.009600331;3.249840148;960.2797335;960.4555238;-0.175801104;-0.010401058;3.236183013;986.1390385;986.4613516;-0.322361359;-0.018571993;3.407568679;3866.384527;3867.13599;-0.75143855;-0.011041857;;;142872.9217;;
90;-47;;887.3077137;887.2500163;0.057709925;0.003474047;3.700898298;858.0934003;857.7958005;0.29761231;0.018525749;2.805928791;870.3754873;870.33035;0.045153925;0.002771075;3.234485468;894.5922584;894.7905809;-0.198288908;-0.011839483;3.393754891;3510.36886;3510.166748;0.202187252;0.003076525;;;125447.2023;;
91;-46;;1253.16719;1253.121167;0.046071395;0.0027959;5.247227357;1210.077909;1210.011148;0.066660423;0.004189422;4.339629893;1230.920735;1230.710548;0.21012442;0.012982125;4.086339225;1264.621047;1264.578337;0.042721742;0.002569141;4.276782721;4958.786882;4958.4212;0.365577981;0.005606656;;;178718.3669;;
92;-45;;1102.412456;1102.347075;0.065285249;0.003992092;4.139164938;1064.250315;1064.09851;0.151835767;0.00961745;3.311291881;1083.480611;1083.444396;0.03611878;0.002247199;2.96472332;1112.177979;1112.263263;-0.085314226;-0.005171027;3.239214545;4362.321362;4362.153244;0.16792557;0.002594949;;;164996.4509;;
93;-44;;1317.824251;1318.083807;-0.259676609;-0.015031102;5.322687161;1272.015153;1272.198533;-0.183403971;-0.010998461;4.274076612;1295.63331;1295.99039;-0.357125677;-0.021025893;3.693095527;1331.313026;1331.238248;0.074774718;0.004284401;3.864126213;5216.78574;5217.510979;-0.725431539;-0.010607399;;;197806.9418;;
95;-43;;1032.873981;1032.488571;0.38541262;0.022455121;4.306850991;996.5999503;996.5749737;0.02498213;0.0015085;3.301205376;1010.375786;1010.021848;0.353924994;0.021079733;4.137956047;1038.310911;1038.206717;0.104178848;0.006037942;4.319150519;4078.160628;4077.29211;0.868498593;0.012815678;;;149138.1437;;
96;-42;;1037.452683;1036.989394;0.463242557;0.027162726;4.242664141;1003.141622;1002.576454;0.565108611;0.034269115;3.104831083;1019.709686;1019.016879;0.692794879;0.041329612;2.913281685;1047.251988;1046.365878;0.886145514;0.051473898;3.137441127;4107.555979;4104.948605;2.607291561;0.038613513;;;147945.1242;;
97;-41;;783.4560289;783.6042447;-0.148198391;-0.009582571;3.25457323;755.5668615;755.5255164;0.041374175;0.00277402;2.368153771;766.9035381;766.8442998;0.059244561;0.00391346;3.132971987;791.7320858;791.731017;0.001095036;7.00654E-05;2.806545441;3097.658514;3097.705078;-0.046484619;-0.000760202;;;112209.7869;;
99;-40;;1303.709442;1303.656963;0.052434578;0.003046432;5.419572444;1259.398082;1259.360965;0.037144741;0.002234029;3.691123265;1282.103525;1281.904934;0.198641842;0.011735516;3.657569083;1315.129331;1315.144477;-0.015199355;-0.00087541;4.028588475;5160.340381;5160.067338;0.273021805;0.0040075;;;183938.8712;;
100;-39;;1270.653122;1270.719079;-0.065864555;-0.004079976;5.342150921;1227.611273;1227.204027;0.407178165;0.026106971;4.330712768;1247.157899;1247.150596;0.007393202;0.000466599;4.271271951;1279.398888;1279.843813;-0.444851692;-0.027367943;4.448301154;5024.821182;5024.917514;-0.09614488;-0.001506047;;;191025.8626;;
101;-38;;1068.233626;1068.618017;-0.384442859;-0.024081417;4.336518633;1034.911585;1035.031999;-0.120416899;-0.007785754;3.246000152;1052.86185;1052.831984;0.029793779;0.001893523;3.156156606;1079.831174;1079.815398;0.015760168;0.000976611;3.298588448;4235.838234;4236.297397;-0.459305811;-0.007255696;;;160999.9678;;
102;-37;;1195.12388;1194.71595;0.407911102;0.024804331;5.278200429;1157.394434;1157.407097;-0.012716918;-0.000798501;4.467488135;1178.843247;1178.554656;0.288628836;0.017793385;4.824499125;1203.893227;1203.725151;0.168056182;0.010144752;4.602017905;4735.254788;4734.402854;0.851879202;0.013074033;;;171837.9251;;
103;-36;;1126.300504;1126.399557;-0.099091332;-0.005595843;4.79572226;1088.401586;1088.313736;0.087849676;0.005133755;3.936914401;1109.816397;1109.671995;0.144423367;0.008276953;4.097489363;1136.709158;1136.865715;-0.156559171;-0.008760185;3.947923275;4461.227645;4461.251003;-0.023377459;-0.000333294;;;157502.0459;;
104;-35;;1359.93203;1360.219723;-0.28773552;-0.016672993;5.366649791;1313.221967;1313.546174;-0.324259474;-0.019457714;4.362514429;1336.998374;1336.983231;0.015108488;0.000890487;4.828070931;1371.137483;1371.398315;-0.260827151;-0.014990257;5.106113744;5381.289854;5382.147442;-0.857713658;-0.012560104;;;199597.7915;;
105;-34;;1271.652736;1271.686358;-0.033676227;-0.001904712;5.089787;1227.04986;1227.122212;-0.072407939;-0.004244225;4.008203216;1252.600109;1252.614179;-0.013965399;-0.000801891;3.667155324;1282.255143;1282.449425;-0.194344496;-0.010901148;3.864759807;5033.557847;5033.872175;-0.31439406;-0.004492351;;;181289.3315;;
106;-33;;1235.462342;1236.334077;-0.871762834;-0.0503924;4.879668258;1194.021729;1193.973042;0.048765409;0.002916727;3.403510763;1212.677036;1212.711664;-0.034575371;-0.002036188;3.561502729;1244.168831;1244.887621;-0.718739559;-0.041256125;3.794701857;4886.329938;4887.906405;-1.576312355;-0.023038579;;;180060.7404;;
107;-32;;920.1940922;919.7325642;0.461545653;0.029286488;3.766642713;890.9178089;890.4094848;0.508398566;0.033319521;2.644001943;905.071075;904.5841038;0.486951885;0.031414882;2.720178453;930.9070195;930.552944;0.354018708;0.022205061;2.796410264;3647.089996;3645.279097;1.810914811;0.028992363;;;129375.4505;;
108;-31;;987.6837087;987.882079;-0.198358953;-0.011859098;4.073976181;952.8259227;953.1575782;-0.331619423;-0.02055153;3.183328728;971.0197948;971.1753798;-0.155519827;-0.00945748;2.873452404;997.6183997;997.8919127;-0.273451978;-0.016185808;3.282484224;3909.147826;3910.10695;-0.958950181;-0.01448544;;;144852.9932;;
109;-30;;933.4951287;933.2949606;0.200185198;0.012992246;3.628751592;903.7358349;903.1374104;0.59838868;0.040114946;2.996663134;916.4652744;916.3108528;0.154489614;0.010212866;2.676990219;944.0096451;943.6877251;0.321948384;0.020662086;2.780847294;3697.705883;3696.430949;1.275011875;0.020890374;;;129711.7627;;
110;-29;;902.7505342;902.8022234;-0.051630189;-0.003169461;3.736364366;872.5378463;872.6135824;-0.075742882;-0.004810686;2.715514759;883.9093588;884.233533;-0.324204387;-0.020326406;2.958741109;910.6936779;910.9135062;-0.219801683;-0.013375442;3.30010868;3569.891417;3570.562845;-0.671379141;-0.010422269;;;131127.3708;;
111;-28;;1080.304365;1080.314192;-0.00990906;-0.000558108;4.867780087;1042.225671;1042.201896;0.023885873;0.001394477;3.878979794;1060.051824;1059.869215;0.182583154;0.010480102;4.095352712;1090.744105;1090.474698;0.269468994;0.015032036;4.482651199;4273.325966;4272.860001;0.466028961;0.006635578;;;157208.0887;;
112;-27;;1112.459748;1112.311295;0.148383657;0.008760574;4.776607838;1074.778407;1074.605389;0.173086453;0.010577303;3.598487641;1095.355002;1095.161467;0.193508176;0.011603132;3.693070263;1122.53971;1122.272682;0.266935821;0.015618379;3.778883845;4405.132866;4404.350833;0.781914107;0.011658183;;;156635.9339;;
113;-26;;1082.199059;1082.444484;-0.245389923;-0.014766101;4.430290158;1043.927124;1044.199752;-0.272718438;-0.017012204;3.500529054;1061.706702;1061.823565;-0.116825775;-0.007165564;3.256052995;1089.327943;1090.014399;-0.686454465;-0.04103641;3.487943078;4277.160828;4278.4822;-1.321388602;-0.020118299;;;150670.2828;;
114;-25;;937.9961636;937.827318;0.168826386;0.01023301;4.085160621;907.3427154;907.2131772;0.129494173;0.008114149;3.016654191;922.4318808;922.3942476;0.037647037;0.002320388;2.903592586;947.2437478;947.1664455;0.077245611;0.00463635;3.164528887;3715.014508;3714.601188;0.413213208;0.006323795;;;131586.6015;;
115;-24;;981.0146646;981.2526312;-0.237988749;-0.013816837;4.201103387;948.1886925;948.3669946;-0.178283998;-0.010708911;2.955232337;964.3574452;964.4726192;-0.11521929;-0.006804792;3.0372965;990.7127492;990.8488871;-0.136110022;-0.007824743;3.168516752;3884.273551;3884.941132;-0.667602059;-0.009788938;;;137687.7722;;
116;-23;;1348.934452;1349.254048;-0.319540732;-0.018612064;5.95460309;1305.789641;1305.855872;-0.066300386;-0.003989349;4.317492554;1324.798575;1324.872852;-0.074241783;-0.004403091;4.110872744;1362.219018;1362.735994;-0.516965927;-0.0298177;4.437929187;5341.741687;5342.718765;-0.977048828;-0.014371184;;;185097.5555;;
117;-22;;1074.72848;1074.693839;0.034694121;0.002216214;4.451306371;1039.937817;1039.902785;0.035003969;0.002310811;3.450334485;1055.84806;1056.050219;-0.202150885;-0.013144038;3.494583636;1087.404496;1087.242814;0.161721312;0.010210117;3.633995322;4257.918854;4257.889657;0.029268516;0.000471909;;;144592.2467;;
118;-21;;967.4583626;967.1954267;0.26295296;0.015974617;3.991876031;936.6911643;936.287317;0.403829561;0.025338819;2.731753929;952.6755659;952.3645534;0.310953684;0.019183832;2.809159735;977.8619993;977.7814769;0.080577213;0.004843054;3.166390113;3834.687092;3833.628774;1.058313418;0.01622068;;;130654.5959;;
119;-20;;1073.64685;1074.622465;-0.975586723;-0.059947079;4.551256395;1036.899215;1037.186317;-0.287065611;-0.018264518;3.142438923;1055.137391;1054.780272;0.357125725;0.022329332;2.846662598;1086.649624;1085.823472;0.826142028;0.05015668;3.147173708;4252.333081;4252.412526;-0.079384581;-0.001231608;;;158292.1828;;
120;-19;;1126.922582;1127.157752;-0.235151324;-0.014565844;4.960498876;1092.207664;1092.243918;-0.036218872;-0.002314792;3.603382652;1109.913533;1109.752004;0.161594375;0.010162941;3.647633222;1142.116901;1142.015114;0.101800517;0.006221881;4.189739296;4471.160681;4471.168787;-0.007975305;-0.000124511;;;155985.7795;;
121;-18;;909.0847332;908.596751;0.488001759;0.02879879;3.688390392;878.237178;877.7445678;0.492625689;0.03009279;2.81028168;891.4540102;891.7980789;-0.344058955;-0.020705758;3.209433139;916.9346669;916.4175587;0.517107838;0.030255194;3.128122248;3595.710588;3594.556956;1.153676332;0.017212996;;;128186.7209;;
122;-17;;980.9472512;980.9566061;-0.009328091;-0.000506425;3.956883942;944.9863451;944.9518013;0.034649197;0.001952699;2.850426862;963.0013253;962.9947697;0.006537285;0.000361525;3.016814373;989.8696238;989.6913653;0.178161047;0.009585227;2.958101643;3878.804545;3878.594542;0.210019439;0.002883562;;;131993.1443;;
123;-16;;1155.55562;1155.793462;-0.2378468;-0.013504488;4.651183851;1114.309274;1114.25862;0.050609047;0.002979848;3.776843569;1132.964154;1133.232651;-0.268527156;-0.015550477;4.148780977;1165.352249;1165.223093;0.129139006;0.007270627;4.685933218;4568.181297;4568.507827;-0.326625904;-0.004691146;;;164362.9853;;
124;-15;;1312.885245;1312.870768;0.014543068;0.000868724;5.561014321;1267.115324;1267.239144;-0.123848483;-0.007665265;4.580454798;1288.913421;1289.074743;-0.161295222;-0.009814098;4.337857095;1325.70867;1325.739419;-0.030676979;-0.001814751;4.827861484;5194.62266;5194.924074;-0.301277616;-0.004548472;;;198186.654;;
125;-14;;1261.926485;1262.669391;-0.74300273;-0.042856939;5.213022389;1217.336701;1217.427199;-0.090484136;-0.005410364;3.794322376;1237.668635;1238.01768;-0.348984893;-0.020524238;4.115607325;1272.113383;1272.595667;-0.482218383;-0.027591972;4.491055986;4989.045204;4990.709937;-1.664690141;-0.024287385;;;183891.5754;;
126;-13;;899.2645898;899.4107164;-0.146177298;-0.008645707;3.700943448;867.7417411;867.7952323;-0.053523071;-0.00328064;2.769972513;882.3976172;882.7022245;-0.304620522;-0.018361278;2.758346473;907.3981631;907.3233687;0.074821167;0.004385657;3.045507001;3556.802111;3557.231542;-0.429499723;-0.006422606;;;131379.2766;;
127;-12;;955.6117344;955.5150664;0.096658184;0.005909344;4.073652106;921.7617163;921.3835352;0.378183097;0.023969863;3.477853971;938.9158722;938.3518107;0.564004191;0.035094394;3.251745552;961.976601;961.5096042;0.467021089;0.028363125;3.38148744;3778.265924;3776.760016;1.505866562;0.02328499;;;144163.0711;;
128;-11;;922.7291353;922.8956955;-0.166501663;-0.010498882;3.93528316;891.6959836;891.7288255;-0.032767591;-0.002138092;2.90862119;904.8623264;904.9895432;-0.127163237;-0.008176694;3.174337546;931.6152015;931.8352059;-0.220035857;-0.013742179;3.795706359;3650.902647;3651.44927;-0.546468348;-0.008708903;;;133817.8248;;
129;-10;;1172.327888;1172.10198;0.225953083;0.013489666;4.687534865;1130.641298;1130.47497;0.166261271;0.010291965;3.677603007;1151.269575;1151.04511;0.22449444;0.013647735;3.116502032;1184.936663;1184.717153;0.219477661;0.012963648;3.453043695;4639.175423;4638.339213;0.836186454;0.012615207;;;171231.5541;;
130;-9;;1153.41981;1153.924663;-0.50481211;-0.028079181;4.908729747;1112.373372;1112.581491;-0.208179106;-0.012006837;3.599862212;1133.524035;1134.269231;-0.745156793;-0.04217538;3.78764759;1164.360276;1164.657285;-0.297048429;-0.016367485;4.129055951;4563.677492;4565.43267;-1.755196439;-0.024674756;;;165901.7305;;
131;-8;;997.4215662;997.8937403;-0.472129721;-0.028057783;4.331534119;964.9901531;965.0348865;-0.044739465;-0.002748139;3.031275035;979.7522196;979.9334192;-0.181256195;-0.010965978;3.123871288;1007.527311;1007.669828;-0.142484607;-0.008382661;3.262131857;3949.69125;3950.531874;-0.840609987;-0.012615433;;;135510.9322;;
132;-7;;968.9406754;969.270482;-0.329776428;-0.018960094;4.051732662;935.6869632;936.0324474;-0.345483466;-0.020569075;3.043493617;950.5967857;951.2258156;-0.62902894;-0.036863143;2.998627995;978.2372682;978.4661889;-0.228859454;-0.01303295;3.12602843;3833.461693;3834.994934;-1.533148288;-0.022279791;;;136938.7274;;
133;-6;;858.7904415;858.5593823;0.231136645;0.013542614;3.775473414;829.7167962;829.5249804;0.191828052;0.011633306;2.725169637;842.1301314;841.9310732;0.199052503;0.011893491;2.803471359;867.1025217;866.5199862;0.58252851;0.033803965;3.036855655;3397.739891;3396.535422;1.20454571;0.017838324;;;119890.5072;;
134;-5;;1183.428224;1183.158665;0.269461617;0.015693187;5.131505695;1143.951666;1143.678596;0.273093853;0.01645358;3.558493099;1164.398407;1164.286042;0.112382444;0.006652012;3.730840429;1196.640927;1196.34289;0.298057153;0.017166899;4.027952609;4688.419225;4687.466194;0.952995066;0.014009427;;;162116.8711;;
135;-4;;887.3475158;887.6510257;-0.30354643;-0.019177912;3.29753329;857.0667838;857.5677023;-0.500902798;-0.03276489;2.775893753;873.0871569;873.0873843;-0.000290119;-1.86289E-05;2.360885962;898.0307191;898.0423739;-0.01164883;-0.000727212;2.570269037;3515.532176;3516.348486;-0.816388177;-0.013018938;;;122185.1057;;
136;-3;;1079.507879;1079.415095;0.092816581;0.005356161;4.662546988;1041.734523;1041.844655;-0.110123623;-0.006585327;3.24127881;1058.940115;1059.303253;-0.363196145;-0.021366025;3.170346707;1088.239781;1088.24865;-0.008871425;-0.000507835;3.401907928;4268.422297;4268.811654;-0.389374613;-0.005682692;;;151005.7099;;
137;-2;;1258.489902;1258.562304;-0.072427545;-0.004214477;5.291322;1214.010834;1213.717361;0.293522849;0.017705531;4.136556649;1237.961561;1237.948997;0.012567279;0.000743402;4.039134659;1267.581357;1267.545863;0.035551551;0.002053867;3.999091422;4978.043654;4977.774525;0.269214135;0.003960306;;;181976.9538;;
138;-1;;874.0959257;874.0467923;0.049183232;0.003014761;3.478497019;844.694112;844.5777954;0.116290788;0.007376338;2.790941522;860.7371334;860.7103066;0.02683298;0.001670296;2.906002609;884.3093667;884.1506146;0.158767362;0.009619488;3.124909728;3463.836538;3463.485509;0.351074362;0.005430461;;;129877.6512;;
500;0;;1277.620326;1283.024056;-5.403677701;-0.314941451;9.827576675;1237.424122;1239.693368;-2.269290552;-0.136556924;7.824935083;1253.567381;1257.251051;-3.683782763;-0.218820763;9.344718737;1221.437545;1290.667542;-69.22993083;-4.220509004;69.85995769;4990.049375;5070.636017;-80.58668185;-1.202543043;6350771.146;7539476.986;178718.4608;;
501;1;;1184.613663;1191.965608;-7.352006979;-0.479908013;10.70553757;1143.278994;1147.708881;-4.429834204;-0.299615362;7.501877486;1168.995698;1169.33163;-0.335888431;-0.022218307;6.362487147;1138.19553;1200.805494;-62.60997466;-4.25358857;63.26185102;4635.083886;4709.811613;-74.72770428;-1.246673908;5403734.834;7098184.548;166790.241;;
502;2;;1015.683724;1017.560843;-1.877058367;-0.108305732;7.838805165;977.628816;980.4607729;-2.831925125;-0.169761784;7.563508365;1000.172499;994.041001;6.131468295;0.359270648;8.790618989;974.7488016;1028.241743;-53.49288888;-3.216144116;54.04538904;3968.233841;4020.304359;-52.07040408;-0.768999133;4470636.059;6302596.08;141847.2803;;
503;3;;1370.837054;1378.236524;-7.399365757;-0.427457548;13.03990471;1317.722551;1324.620692;-6.898144673;-0.414565016;11.42462435;1335.221266;1335.962086;-0.74082907;-0.043938892;9.873350462;1315.398732;1393.751477;-78.35283685;-4.717171179;79.06097852;5339.179604;5432.570779;-93.39117635;-1.385210088;6248841.831;8760605.417;192770.4198;;
504;4;;1114.7123;1117.592059;-2.879774728;-0.168081616;8.406599144;1077.164958;1078.614845;-1.449801971;-0.087569115;6.455900251;1093.049493;1088.980378;4.069076471;0.242203557;9.722186818;1064.599835;1123.541236;-58.94145029;-3.602126124;59.65493691;4349.526587;4408.728519;-59.20195052;-0.885561072;5836495.192;7583577.075;162764.1663;;
505;5;;970.0791385;969.5629577;0.516188371;0.030091927;6.745499413;936.049642;935.3778457;0.671867657;0.040591378;5.802953235;945.2000116;944.5413337;0.65856221;0.039402342;5.666301823;929.7773344;974.1645833;-44.38719837;-2.699775955;45.06886241;3781.106127;3823.64672;-42.54058013;-0.636258338;5282732.706;7189733.21;143446.2292;;
506;6;;1280.01637;1279.493006;0.523444269;0.02946747;9.857414762;1233.005537;1231.772777;1.232710816;0.072041724;8.583685841;1249.975884;1247.020563;2.955408541;0.170374192;9.751293385;1232.543537;1297.820362;-65.27672949;-3.816313446;66.1200618;4995.541329;5056.106707;-60.56516587;-0.873631478;6628113.209;8021077.532;180374.0861;;
507;7;;907.4921683;907.6506444;-0.158518742;-0.008949043;7.218845703;877.4759466;876.583539;0.892353938;0.052100368;6.551991826;889.2226696;887.0235638;2.199119118;0.126700141;6.800095409;879.7675172;921.7169764;-41.94944791;-2.442852232;42.47754006;3553.958302;3592.974724;-39.0164936;-0.562438161;5091871.207;6348441.146;129272.265;;
508;8;;899.8543786;899.6430285;0.211271858;0.011982025;7.439995664;871.7596278;870.9717105;0.787900349;0.046124889;7.46587445;880.2483282;875.4188821;4.829517015;0.280000806;8.107118296;864.4696577;906.8541548;-42.38446299;-2.502175227;43.03753982;3516.331992;3552.887776;-36.55577377;-0.530550708;3929084.654;523707.738;124042.0544;;
509;9;;1034.268271;1034.582868;-0.314504664;-0.018138467;7.934519854;995.7989595;995.130472;0.668553831;0.04004713;6.944952763;1009.403062;1007.233084;2.1699902;0.128233012;7.632180601;1000.065534;1048.314263;-48.24864527;-2.877818184;48.87239258;4039.535827;4085.260687;-45.7246059;-0.675188747;4809226.498;6203961.462;143856.6877;;
510;10;;900.6217759;904.1742966;-3.552589749;-0.206072526;7.190743584;864.0913819;868.907117;-4.815731011;-0.291152167;6.885650779;884.0522474;885.1858466;-1.133627157;-0.066989971;6.35137838;865.8863277;908.0022526;-42.11593668;-2.540990618;42.56833064;3514.651733;3566.269513;-51.6178846;-0.767247328;4811301.125;6080821.975;130740.2323;;
511;11;;1158.708223;1159.136901;-0.428690517;-0.025628934;8.633983005;1126.718146;1126.326419;0.391666649;0.024080309;8.293318085;1136.679906;1132.216694;4.463242944;0.272002624;9.074982856;1119.80216;1172.538911;-52.73664174;-3.262360266;53.78100445;4541.908436;4590.218925;-48.31042266;-0.736823065;6859966.626;9118623.616;175611.2625;;
512;12;;991.0052826;993.3055127;-2.300228512;-0.133230648;8.011196283;955.4029382;959.4578758;-4.054975596;-0.243618801;9.313827809;973.0321899;970.88336;2.148779752;0.126757546;6.728634541;957.0869287;1006.123176;-49.03621428;-2.940862215;49.60824388;3876.527339;3929.769925;-53.24263864;-0.788362299;5502459.277;6671196.772;142179.9713;;
513;13;;1454.709395;1454.941891;-0.232517935;-0.012773373;11.66286285;1392.680764;1399.142926;-6.46220811;-0.370812822;12.63002995;1415.716476;1411.528789;4.18777315;0.236391709;10.96958199;1400.103845;1470.619739;-70.51590768;-4.024873466;71.26323351;5663.21048;5736.233345;-73.02286057;-1.030437175;8122295.732;9677809.955;207171.4248;;
516;14;;1045.799012;1048.44815;-2.649105679;-0.154984585;6.784781128;1000.492159;1005.895809;-5.403594899;-0.330450598;7.208465924;1028.385853;1028.642537;-0.256653003;-0.015269602;6.998998617;1008.391388;1057.079925;-48.68843981;-2.954161124;49.18807277;4083.068412;4140.066421;-56.99779339;-0.854100222;4360562.965;5547500.219;145914.3595;;
517;15;;755.3358643;760.067276;-4.731481788;-0.336398799;8.006046083;726.782074;732.6946191;-5.912516178;-0.436883362;7.219415283;743.8433889;747.208353;-3.364941966;-0.242936875;6.313609649;726.9225452;770.8722877;-43.94967313;-3.246869854;44.28271668;2952.883872;3010.842536;-57.95861306;-1.054068868;3072885.923;4218194.348;104454.0238;;
518;16;;1258.765441;1263.667433;-4.90198085;-0.292987266;9.064737022;1213.229222;1219.751828;-6.522667427;-0.404486768;9.04431681;1241.47734;1242.08971;-0.612470224;-0.037116595;10.27998341;1216.434691;1277.057157;-60.62245522;-3.749442264;61.13076516;4929.906694;5002.566128;-72.65957373;-1.108858404;5738501.846;7261213.419;177295.3118;;
519;17;;944.8535406;946.7053716;-1.851936217;-0.121162569;6.401544329;907.9232246;915.2214832;-7.298250889;-0.496908708;9.717182406;929.5599308;930.9445624;-1.384603357;-0.092077799;5.216165985;909.5917136;957.2395925;-47.64792567;-3.23820581;48.17436286;3691.92841;3750.11101;-58.18271613;-0.974198967;3550189.894;467467.753;129881.8697;;
520;18;;1334.348663;1336.072191;-1.723515311;-0.100885678;8.267075644;1279.462515;1284.411524;-4.949005986;-0.302116265;8.452838814;1309.542546;1305.751151;3.791535463;0.226140946;9.252786792;1282.846586;1344.084717;-61.2380236;-3.728465576;61.94831371;5206.200309;5270.319584;-64.11900943;-0.961943635;5907296.407;8363588.667;188141.221;;
521;19;;825.0251721;827.2600617;-2.234875377;-0.144843141;6.467322646;793.9423319;803.6107241;-9.668393488;-0.651144207;11.5487326;811.1044315;813.0398078;-1.935382074;-0.12758563;5.529951453;796.6901171;837.2043313;-40.51427501;-2.719133088;41.05667785;3226.762053;3281.114925;-54.35292595;-0.900674381;3387447.428;464969.9231;114906.1435;;
522;20;;1278.398549;1277.645872;0.752624388;0.044111024;7.410445295;1233.927799;1232.468299;1.459522545;0.088624986;6.114464344;1254.549789;1249.800161;4.74959296;0.283663602;10.46599564;1227.512367;1284.517574;-57.00526325;-3.479558976;57.64102155;4994.388503;5044.431907;-50.04352335;-0.750759228;5124837.659;649395.7333;172869.6129;;
523;21;;1047.253099;1049.750451;-2.497309364;-0.158822416;7.451205257;1009.891557;1014.191238;-4.299631921;-0.283561747;7.681585386;1029.518554;1030.651069;-1.132488777;-0.073264035;6.463973361;1007.610034;1061.171022;-53.56103033;-3.540360983;54.20222149;4094.273244;4155.76378;-61.49046039;-1.00028102;3881979.145;5359642.816;143562.3577;;
524;22;;903.5586285;903.4684212;0.090236629;0.005325135;5.948334345;871.6137126;869.9435026;1.670160478;0.102173487;5.091446409;886.6716982;886.1866415;0.485102167;0.029172553;5.640262816;863.8540191;907.2022427;-43.34823098;-2.675685646;43.8456982;3525.698058;3566.800808;-41.1027317;-0.621626668;4406009.685;5730469.238;129369.9658;;
525;23;;1024.333449;1019.510193;4.823295347;0.286482982;8.007143018;985.5160682;982.8376723;2.678405065;0.16535178;6.493000075;1008.977866;1004.38253;4.595386145;0.27710011;7.836442632;988.2131014;1031.589715;-43.37655501;-2.670550392;43.95245138;4007.040484;4038.320111;-31.27946846;-0.474932579;4155277.091;5554031.707;136662.7032;;
528;24;;1086.042686;1083.583146;2.459616994;0.141069067;7.878962861;1044.228843;1041.289447;2.939391454;0.175336747;7.109424964;1058.912339;1054.593147;4.319291599;0.254076044;8.828212114;1026.228942;1073.700246;-47.47129307;-2.881363206;48.2275526;4215.41281;4253.165987;-37.75299302;-0.557856477;5367373.31;632543.3224;151895.0103;;
529;25;;1113.54614;1115.500003;-1.95381186;-0.121904227;6.255781021;1080.546063;1083.007988;-2.461888567;-0.158295784;5.477997439;1095.691427;1096.29183;-0.600464878;-0.038075322;6.114859065;1076.401304;1128.759844;-52.35855539;-3.379540709;52.82486993;4366.184934;4423.559665;-57.37472069;-0.912983018;4570728.031;6113480.297;156566.5037;;
530;26;;1335.888818;1336.369422;-0.480595767;-0.02858796;8.926884242;1284.377751;1284.369406;0.008427213;0.000521392;8.003593747;1309.537034;1308.685351;0.851624321;0.051677776;9.872009905;1278.942992;1338.526858;-59.58388774;-3.70212597;60.2261931;5208.746594;5267.951037;-59.20443197;-0.90322205;7034632.119;8988287.663;187607.6816;;
531;27;;908.1825611;910.2126931;-2.030080617;-0.126620595;6.843278372;876.9943306;879.4232653;-2.428926691;-0.156885153;5.381553395;893.3804581;895.2058947;-1.825392407;-0.115740143;5.903624405;873.5007038;921.094864;-47.59415242;-3.086416717;48.18915795;3552.058054;3605.936717;-53.87855214;-0.85921151;3813865.924;5299563.426;128307.1935;;
532;28;;1106.895959;1106.547107;0.348920503;0.020221669;8.423321484;1065.28526;1067.872946;-2.58772618;-0.155829513;9.704527766;1082.171496;1076.373382;5.798064035;0.343703717;9.506443055;1065.87;1116.991231;-51.1212442;-3.076766145;51.81954716;4320.222715;4367.784666;-47.56198584;-0.706238119;5075775.641;6154619.882;152429.4891;;
533;29;;1122.609085;1120.819136;1.789995792;0.100334587;8.790302689;1083.649184;1083.188458;0.460721471;0.026753275;8.106045628;1101.480095;1095.987575;5.492564628;0.313780341;9.184374369;1081.714435;1135.04683;-53.33243364;-3.102458524;53.95931676;4389.452799;4435.041999;-45.58915175;-0.653549274;4886191.836;6355839.457;152716.6888;;
534;30;;1141.458294;1140.922006;0.536363622;0.030069476;7.453651968;1099.638371;1098.861161;0.777222013;0.045229501;7.01885205;1122.558302;1121.362301;1.195961191;0.06817651;6.912798219;1100.992403;1149.992062;-48.99969003;-2.847971229;49.70478481;4464.64737;4511.13753;-46.4901432;-0.666346787;5724281.242;7456288.476;161064.0795;;
535;31;;1367.664339;1370.661645;-2.997353883;-0.168061607;11.89959909;1326.308788;1328.902527;-2.593790653;-0.149968583;11.40903601;1336.17624;1334.445147;1.730995417;0.099344125;9.3367324;1327.476766;1395.856931;-68.38016509;-3.950146746;69.17341212;5357.626133;5429.866251;-72.24031421;-1.033992135;7593013.346;911519.9962;197352.1007;;
538;32;;1189.734633;1191.250114;-1.515453183;-0.086774923;8.735399256;1138.593784;1141.973204;-3.379429459;-0.202197784;9.119650232;1166.493494;1161.981962;4.511551689;0.263478652;9.460313657;1141.837008;1206.315871;-64.47890851;-3.84693969;65.21571646;4636.658919;4701.521151;-64.86223947;-0.952990574;519322.155;712168.9993;164097.5432;;
539;33;;1270.001089;1270.533362;-0.532264455;-0.03220918;8.741566365;1221.683633;1222.828054;-1.144523921;-0.071998329;6.726193823;1245.511892;1244.65541;0.856480453;0.052847674;9.634627711;1219.41646;1277.951776;-58.5352539;-3.689111229;59.37744275;4956.613074;5015.968602;-59.35556182;-0.920306943;5396868.025;7280133.457;176643.3855;;
541;34;;1249.083019;1253.910953;-4.828033912;-0.299164128;9.621503793;1199.224067;1201.874027;-2.650011109;-0.171032194;8.359983311;1226.892489;1223.192622;3.699858884;0.233404466;7.292503301;1202.718246;1262.016594;-59.29835127;-3.816007572;60.19601663;4877.91782;4940.994197;-63.07653741;-1.000838203;4954973.024;6400295.004;170820.4826;;
542;35;;1007.891697;1008.048386;-0.156745352;-0.009073347;6.799403325;970.053464;971.414397;-1.360913494;-0.08185054;5.755260343;991.7863959;987.2700577;4.516367914;0.265679391;7.382883903;970.6646985;1017.904831;-47.24017144;-2.839415375;47.87234668;3940.396255;3984.637671;-44.24146237;-0.655052753;4653275.034;5740032.533;139604.256;;
543;36;;1166.738273;1167.235752;-0.497573071;-0.028892046;7.931469074;1125.40474;1127.06916;-1.664512898;-0.100201287;6.937850815;1156.573705;1156.048441;0.525242117;0.030766713;6.650511734;1137.94757;1192.407034;-54.45950399;-3.24224853;55.09164274;4586.664288;4642.760387;-56.09634784;-0.8285763;5310456.124;7223053.003;163878.9586;;
544;37;;914.4118164;915.6357898;-1.223970663;-0.073708675;6.747228325;876.8177781;877.3044398;-0.486634156;-0.030562063;5.655873816;893.4503175;892.2747707;1.175470499;0.072448726;6.507654065;875.6692504;920.508713;-44.83942532;-2.819741947;45.49736225;3560.349162;3605.723713;-45.37455964;-0.701793366;4347287.341;5359825.511;127129.4339;;
545;38;;888.2391745;890.8303504;-2.591198349;-0.16394851;6.10119422;855.3283579;856.2582609;-0.929881154;-0.061098608;5.159903511;873.7667494;874.5377542;-0.771003955;-0.049590425;5.226303572;859.64317;902.9292783;-43.28611589;-2.829874275;43.72958324;3476.977452;3524.555644;-47.57819935;-0.769029266;3524620.729;4903436.249;123260.5861;;
546;39;;1327.55171;1328.247948;-0.696298991;-0.038316314;10.7110427;1278.042985;1278.475443;-0.432474371;-0.024720333;9.477141685;1304.650191;1299.420816;5.229335241;0.292813981;10.08923387;1272.603064;1328.274879;-55.67179209;-3.1958151;56.61545826;5182.84795;5234.419087;-51.57123021;-0.726906296;7282002.687;8646325.037;191080.8638;;
547;40;;976.4750223;977.3852094;-0.910263586;-0.053457349;7.610641452;933.3526266;934.0065508;-0.653988173;-0.040181443;6.922844161;958.6297295;956.2229964;2.406734707;0.143972224;6.884167937;939.0885724;986.706417;-47.61779222;-2.907797005;48.18468476;3807.545951;3854.321174;-46.77530928;-0.704486864;5936252.276;6806867.147;140506.6332;;
549;41;;1097.885364;1100.781571;-2.896212466;-0.164606641;8.618317031;1059.722921;1059.603685;0.119109722;0.007013403;6.085757215;1082.101298;1083.289967;-1.188651284;-0.068542584;7.454109629;1071.494923;1124.779388;-53.28452629;-3.103022471;53.88168067;4311.204507;4368.454611;-57.25028032;-0.82861525;6382316.884;777985.9746;159770.1081;;
550;42;;1253.351268;1252.388559;0.962844853;0.054950407;8.975068081;1204.112138;1207.771806;-3.659690234;-0.21740263;9.125701153;1223.309443;1217.549271;5.760224725;0.336814283;10.53366747;1207.295407;1263.998191;-56.70281803;-3.359529788;57.50354238;4888.068256;4941.707827;-53.63943869;-0.784936211;6375102.739;8000417.909;178063.3485;;
551;43;;1075.310997;1074.982126;0.328882975;0.018259326;8.34932112;1032.052195;1033.046584;-0.994387529;-0.057521665;6.454178476;1047.579887;1047.724421;-0.144560885;-0.008238366;7.178713561;1038.035014;1089.510274;-51.47522207;-2.960490443;52.02397998;4192.978094;4245.263405;-52.28528751;-0.744447961;5908790.661;7185285.491;154508.2965;;
552;44;;1354.512696;1362.513662;-8.000992491;-0.468609886;13.73350261;1305.799335;1314.911018;-9.11167291;-0.553569739;12.43698047;1334.125453;1339.984108;-5.858672181;-0.348379981;11.14721357;1298.787045;1364.379697;-65.59263374;-4.006524338;66.29299904;5293.224529;5381.788485;-88.56397132;-1.327356039;720385.1154;9108084.515;197774.5526;;
553;45;;1285.602748;1295.015468;-9.412677405;-0.554025525;12.10581102;1240.327918;1246.237177;-5.90917306;-0.3605069;9.937153231;1264.826237;1267.391045;-2.564694539;-0.153436319;9.187420321;1241.965611;1304.186107;-62.22043765;-3.790939749;62.90725022;5032.722513;5112.829797;-80.10698266;-1.204455556;7789602.126;9588048.839;191335.0619;;
554;46;;978.3705707;978.6186271;-0.24802668;-0.017812348;6.777746049;944.2559966;950.6825148;-6.426520297;-0.478202985;8.387903292;964.4307544;971.4970451;-7.066248386;-0.514806473;8.712726718;947.1559095;999.0073943;-51.85149526;-3.846501999;52.19531948;3834.213231;3899.805581;-65.59229062;-1.201995072;1710281.51;3068027.285;125598.2505;;
555;47;;1139.748784;1139.168646;0.580218528;0.039857007;10.41538178;1094.154683;1097.241915;-3.087213507;-0.22090735;8.929529416;1120.65484;1116.595125;4.059674195;0.283623057;9.283243017;1095.251349;1151.285787;-56.03449338;-4.005565862;56.9604144;4449.809656;4504.291473;-54.48181416;-0.958588801;2070296.065;3685741.86;148134.5177;;
556;48;;974.5170161;976.7744602;-2.257421504;-0.130076695;7.983272665;946.8964922;950.4023654;-3.505923541;-0.207910391;6.954211526;951.3530685;950.0556564;1.29733398;0.076574881;5.914740073;934.6326793;981.0388167;-46.40611004;-2.788113609;47.14121285;3807.399256;3858.271299;-50.87212111;-0.75028746;5168657.871;6562751.477;140478.7289;;
557;49;;1003.803166;1003.018744;0.78442335;0.044318655;7.263427591;972.1890953;971.5349224;0.654162406;0.038160974;6.078396181;995.6585792;994.786944;0.871566175;0.049644889;5.800105373;980.0702327;1023.49284;-43.42258544;-2.512714232;44.05307913;3951.721073;3992.83345;-41.11243351;-0.590026505;5760422.067;721548.0745;146118.7661;;
558;50;;1335.866519;1335.506084;0.360524125;0.021083064;8.641787642;1281.490384;1281.739145;-0.248810433;-0.015167559;7.792091102;1309.135407;1306.568292;2.567080836;0.153185425;7.67244426;1282.657855;1343.213286;-60.55552474;-3.688123167;61.3129642;5209.150165;5267.026807;-57.87673021;-0.867959738;648172.9275;7897333.187;187665.08;;
559;51;;986.6925148;989.1575337;-2.465028989;-0.142280665;7.311887931;945.2534274;949.982335;-4.728908898;-0.284917009;8.29638248;962.3863421;965.5834636;-3.197074226;-0.189194696;7.152206251;950.5027386;1002.202446;-51.69975444;-3.097710283;52.28753484;3844.835023;3906.925778;-62.09076655;-0.919718668;4320937.715;5663685.985;132720.8073;;
560;52;;1204.645272;1203.889825;0.755433751;0.043568197;7.615799429;1159.803745;1159.374377;0.429314876;0.025717208;6.367603939;1172.293458;1177.266383;-4.972984228;-0.294722388;8.863985454;1164.283219;1213.853452;-49.57033571;-2.957982565;50.30730737;4701.025693;4754.384036;-53.35857131;-0.788576726;6650642.68;8317088.208;178546.496;;
561;53;;1300.885896;1305.688717;-4.802836189;-0.28777594;10.2770416;1246.255671;1247.517716;-1.262043245;-0.078933798;6.621161262;1272.767434;1275.049284;-2.281850488;-0.139744281;9.935141605;1243.312761;1305.365019;-62.05223748;-3.890209296;62.80018652;5063.221761;5133.620737;-70.3989674;-1.083765326;8064972.488;9416786.305;190726.9623;;
562;54;;990.8537286;993.986433;-3.132696259;-0.226108122;9.601303684;953.0766369;958.4997663;-5.423069143;-0.406934714;8.322425713;974.6689273;980.18647;-5.517560624;-0.404853049;9.88120313;951.3523078;1008.676688;-57.32436388;-4.309285716;58.14426557;3869.951601;3941.349357;-71.39768991;-1.31942907;1490209.773;3017232.763;127735.6294;;
564;55;;1122.117338;1122.049689;0.067725243;0.003702423;8.025874055;1082.799463;1081.377536;1.421918227;0.080556448;7.262601411;1101.303097;1099.610296;1.692744892;0.094288422;8.014322735;1085.727419;1130.238829;-44.51142209;-2.514921203;45.29064333;4391.947317;4433.276349;-41.32903373;-0.577260509;6104593.735;7306481.171;160409.8412;;
565;56;;1228.405375;1224.818569;3.586854562;0.209902255;9.61863388;1182.618893;1181.247525;1.371358748;0.083358773;9.394646444;1205.648277;1202.94569;2.702575313;0.161139578;8.39113809;1182.522266;1238.413049;-55.89076314;-3.397627463;56.94641308;4799.19481;4847.424834;-48.22997452;-0.722426551;7274536.079;8706488.188;176915.4826;;
566;57;;1000.219342;999.2054291;1.013905151;0.06428142;7.394006744;960.4273748;962.5126215;-2.085285625;-0.137684294;7.538156935;979.3132429;974.6552849;4.65803923;0.301623307;7.800725153;958.9238398;1009.432366;-50.50857958;-3.340138095;51.28530848;3898.8838;3945.805701;-46.92192082;-0.763165754;4846759.882;6010975.312;139220.0458;;
567;58;;1241.099823;1244.628526;-3.528747892;-0.221862485;9.232025761;1196.15822;1197.346409;-1.18819108;-0.077511763;6.486011624;1216.845655;1220.077465;-3.231753297;-0.20723956;9.59359659;1192.976922;1254.373224;-61.39630366;-4.015874562;62.16923205;4847.08062;4916.425623;-69.34499593;-1.116361472;4970704.875;6530138.654;171652.0113;;
568;59;;1293.439066;1297.808054;-4.369005216;-0.263408081;11.49769075;1244.480168;1248.511209;-4.031029531;-0.252592531;10.20502423;1263.969608;1263.027394;0.942216309;0.058130826;9.371732885;1236.315276;1301.79262;-65.47735355;-4.130041226;66.34746141;5038.20412;5111.139277;-72.93517199;-1.12889554;6475980.366;8067473.858;181220.3001;;
569;60;;998.0400412;999.017239;-0.977245055;-0.060234573;6.204443005;963.8057443;967.461141;-3.655423312;-0.233312758;6.795983108;981.2484289;984.3869889;-3.138486917;-0.196757669;7.411581576;964.4798206;1009.26753;-44.78778147;-2.856647971;45.27029891;3907.574035;3960.132899;-52.55893676;-0.827426976;3810340.92;4800135.985;137733.1574;;
572;61;;1302.359429;1302.107161;0.252220887;0.015424585;8.393841795;1255.604366;1254.467511;1.136847604;0.072112864;8.071636909;1279.52487;1276.579354;2.945347646;0.183337431;8.843144241;1257.629976;1317.189516;-59.55949816;-3.771911193;60.23690418;5095.118641;5150.343543;-55.22508202;-0.863267474;6702622.043;8085452.909;181388.2999;;
573;62;;985.4097489;985.0072106;0.402593977;0.025850642;6.470058317;946.8282587;949.5266266;-2.698313379;-0.180319247;6.46876176;967.6647896;964.4010416;3.263785489;0.213411382;6.533024895;945.0904205;993.0008792;-47.91040339;-3.207579109;48.60947429;3844.993218;3891.935758;-46.94233731;-0.772484976;3633879.65;5032094.4;133309.4597;;
574;63;;868.3639351;870.1331557;-1.769233415;-0.106477183;6.617319165;834.4758067;834.8318298;-0.356029028;-0.022296919;5.76047547;849.5831583;846.0493913;3.533737097;0.217370968;6.7013401;833.6730867;874.1001531;-40.42706883;-2.534251262;41.03827756;3386.095987;3425.11453;-39.01859418;-0.602206657;3866074.926;5267387.329;119588.7131;;
575;64;;906.4646035;906.7461424;-0.281519049;-0.019372975;5.830241136;874.6409483;877.7865959;-3.145676561;-0.224348747;6.649066362;891.4893718;893.074511;-1.585121754;-0.110913866;6.076182148;875.1081365;919.1460525;-44.03789502;-3.139093252;44.75080089;3547.70306;3596.753302;-49.05021239;-0.862448194;3992253.147;5470686.811;126400.2172;;
576;65;;960.6610933;962.5039225;-1.84279933;-0.114357707;6.27565196;926.3247073;926.5777835;-0.253096476;-0.016288476;5.100290825;943.1748133;943.9425534;-0.767763595;-0.048528059;5.385128774;925.5458325;973.8465448;-48.30070926;-3.111094295;48.80166771;3755.706446;3806.870804;-51.16436866;-0.812145002;4687687.263;5925754.767;133649.8686;;
577;66;;996.8074695;999.9199666;-3.112484937;-0.19838817;7.577092175;960.2049149;963.4435457;-3.238646052;-0.214298612;6.315927176;978.5785622;979.7074249;-1.128869338;-0.073293891;6.390923753;961.4771078;1011.32674;-49.84967245;-3.294148372;50.55721503;3897.068054;3954.397677;-57.32967278;-0.934676382;4078867.549;5552609.597;137551.7335;;
578;67;;981.6377223;982.1817032;-0.54394823;-0.033505954;7.930487847;939.3165963;940.4304352;-1.113855977;-0.071702237;6.983824776;961.5266613;958.1329374;3.393773207;0.213420998;7.762226302;937.7706222;984.9729697;-47.20235103;-3.043565602;47.94542025;3820.251602;3865.718046;-45.46638203;-0.719638004;4613498.757;6090712.684;137577.1203;;
579;68;;1219.379374;1223.720048;-4.340785569;-0.274941585;9.531622948;1174.394404;1178.551483;-4.157108384;-0.273393584;8.192179899;1204.66294;1200.995571;3.667402017;0.235127764;8.175752928;1179.928442;1234.758198;-54.82979743;-3.58898725;55.69064506;4778.36516;4838.025299;-59.66028937;-0.964310653;4955601.982;6714888.756;168497.2989;;
580;69;;893.9255636;893.808128;0.117381966;0.007008294;6.878400771;865.5138325;873.3604286;-7.846612685;-0.483860829;9.887572734;878.1739338;874.6399328;3.534039254;0.214784575;6.780785529;868.0906126;912.9169054;-44.82635119;-2.756008747;45.49053176;3505.703943;3554.725395;-49.02154266;-0.746318142;4321216.662;5120478.272;125230.7513;;
581;70;;998.6378743;999.8805082;-1.242706353;-0.078531631;6.93910168;961.5928626;961.0190402;0.573802018;0.037657802;5.776393925;979.5101203;979.6308806;-0.120796494;-0.007782686;6.345621785;960.6808189;1005.339593;-44.65876092;-2.933672849;45.30548511;3900.421676;3945.870022;-45.44846175;-0.735346042;3801076.91;5130962.911;138342.6192;;
583;71;;905.701676;904.7238693;0.977812908;0.059899534;5.981976428;873.5261125;873.0890518;0.436999617;0.027756073;4.846201384;887.2954116;890.9357019;-3.640261248;-0.227623536;6.43554726;874.1419901;913.9225731;-39.78063137;-2.524890441;40.32615175;3540.66519;3582.671196;-42.00608009;-0.658233746;3442206.245;4569554.694;124665.6573;;
584;72;;1132.725747;1131.692035;1.033664145;0.061278567;7.828080335;1081.415983;1082.020869;-0.604934931;-0.037563824;6.404954738;1109.695272;1106.494096;3.201165265;0.193712783;7.920096592;1084.665099;1136.290975;-51.62599203;-3.196146398;52.35491228;4408.502101;4456.497975;-47.99609755;-0.731086552;5539114.93;6994972.896;160242.8769;;
585;73;;858.8835878;857.4890678;1.394485899;0.093980918;5.505878442;828.4088685;829.6650939;-1.256215205;-0.087776683;4.78978952;844.7736905;844.5040614;0.269631092;0.018475213;5.019134724;826.6728016;867.3609626;-40.68827162;-2.849019698;41.2139263;3358.738948;3399.019186;-40.28036984;-0.694187929;3899500.103;5134861.303;119980.6116;;
586;74;;817.065515;826.4700698;-9.404560824;-0.664616614;12.31920376;789.661195;791.4996193;-1.838462442;-0.134432266;5.782247125;807.1539792;813.8508443;-6.696835704;-0.479074227;9.590217367;784.0953707;832.0212941;-47.92590607;-3.529319678;48.44220707;3197.97606;3263.841828;-65.86576504;-1.189252539;1458572.05;2632886.916;104043.6456;;
588;75;;1205.781153;1209.32856;-3.547422722;-0.215393171;7.909806558;1159.650773;1165.679314;-6.028563057;-0.380604626;8.529155626;1180.853584;1184.598033;-3.744534227;-0.232160981;7.616706857;1160.517438;1220.034156;-59.51674165;-3.754697498;60.2247119;4706.802948;4779.640064;-72.83726166;-1.132961286;5512728.347;7327539.407;171054.776;;
589;76;;1284.653457;1283.980118;0.673274599;0.039108098;9.799888621;1228.599358;1232.486417;-3.887081303;-0.236087936;9.317771002;1255.87503;1251.924559;3.950402428;0.234722849;8.875806116;1236.463625;1293.161713;-56.69813516;-3.421746919;57.5475616;5005.59147;5061.552807;-55.96153944;-0.8342471;6175604.388;7717078.814;179746.614;;
590;77;;1055.740978;1060.071832;-4.330824771;-0.256330982;8.302674932;1011.86432;1014.149799;-2.285494765;-0.141138604;6.247494389;1031.255939;1035.38301;-4.127104394;-0.250073032;7.730233549;1013.359875;1064.004408;-50.6444613;-3.122885925;51.14965669;4112.221112;4173.60905;-61.38788523;-0.93281191;5632046.109;6961582.726;152740.0685;;
591;78;;961.6885844;962.6128531;-0.924232867;-0.055073753;7.723277474;917.5097843;920.9741712;-3.464445051;-0.216381786;7.251911178;933.1868234;933.5444172;-0.35757706;-0.021958303;6.606792068;918.8387689;964.5179594;-45.67919526;-2.84889774;46.39393849;3731.223961;3781.649401;-50.42545024;-0.774455012;583650.405;6895022.62;143652.4649;;
592;79;;1083.78418;1081.453624;2.33046104;0.133086142;7.915630039;1041.44636;1040.572787;0.873508129;0.051911532;6.240855751;1063.851108;1061.366636;2.484438274;0.144537706;8.428169195;1044.788371;1090.852776;-46.06441938;-2.728795992;46.8359786;4233.870019;4274.245822;-40.37601194;-0.590227848;4865169.801;6591217.845;151061.4591;;
593;80;;1224.030859;1224.757785;-0.727037021;-0.044734019;7.567410144;1173.674115;1178.08014;-4.406010146;-0.282729888;7.189395714;1205.713217;1207.411924;-1.698696024;-0.106107334;7.472364543;1175.532849;1233.497002;-57.96412234;-3.713626736;58.79701881;4778.95104;4843.746851;-64.79586553;-1.021147478;5281297.371;6819559.301;167695.773;;
594;81;;877.8092643;877.6334802;0.175777291;0.010664294;5.242643602;842.1695314;844.8120562;-2.642562259;-0.167107223;4.757629998;858.8126535;858.4449596;0.367743212;0.022804248;4.700156658;842.8505287;882.9286025;-40.07806026;-2.532361189;40.62285084;3421.641978;3463.819098;-42.17710202;-0.656465171;4028822.777;5236212.5;124649.9918;;
595;82;;1043.191945;1046.409404;-3.217406902;-0.205028063;8.123906475;997.9154913;1002.083952;-4.168500551;-0.277688339;6.73702596;1023.975388;1023.919121;0.056236141;0.00365088;7.332256334;1003.378303;1058.828808;-55.45042597;-3.673767988;56.09382939;4068.461128;4131.241284;-62.78009728;-1.025801567;5741635.53;7061011.599;149081.2514;;
598;83;;879.5282245;878.4387245;1.089485376;0.062578563;5.016899498;842.0918779;843.3764926;-1.28457676;-0.077064532;4.384568316;857.4861091;856.8319623;0.654220453;0.038543486;4.343747373;842.8344439;880.8344876;-38.00002069;-2.277694748;38.39178243;3421.940656;3459.481667;-37.54089162;-0.554224949;4552212.916;5939062.047;127812.8081;;
602;84;;1177.498473;1175.268379;2.230101138;0.12166991;8.16110178;1120.560197;1122.381114;-1.820819074;-0.104388002;6.848136844;1151.951656;1149.056518;2.895135279;0.161455777;8.49774331;1121.339846;1171.833644;-50.49375439;-2.892806537;51.31857236;4571.350172;4618.539653;-47.18933705;-0.663160068;4385467.202;5815469.475;152368.0966;;
606;85;;1192.299322;1194.847089;-2.54784613;-0.155231977;8.393463366;1142.610969;1145.171729;-2.560860784;-0.162809922;8.073978749;1171.330815;1175.020059;-3.689234064;-0.228796792;9.5423395;1150.028573;1206.243745;-56.21519441;-3.550899454;56.84413835;4656.269679;4721.282622;-65.01313539;-1.014276293;6404575.332;8296875.436;174652.5645;;
